{"branches": 83.33333333333334, "coverage": 86.30289532293986}